iso_o,iso_d,xtr2001
ARG,ARG,76469.64063
ARG,AUS,61.152413
ARG,AUT,17.639451
ARG,BEL,175.303192
ARG,BRA,3677.02608
ARG,CAN,123.489397
ARG,CHE,20.669027
ARG,CHL,859.115834
ARG,CHN,221.548654
ARG,DEU,401.830347
ARG,DNK,255.754423
ARG,ESP,557.998031
ARG,FIN,13.018658
ARG,FRA,261.602532
ARG,GBR,264.336628
ARG,GRC,41.370433
ARG,HUN,12.326874
ARG,IDN,22.813768
ARG,IND,48.672991
ARG,IRL,28.004702
ARG,ITA,664.917852
ARG,JPN,149.034982
ARG,KOR,66.265549
ARG,MEX,483.630451
ARG,MYS,129.126637
ARG,NOR,21.594578
ARG,NZL,4.6918
ARG,PHL,89.611982
ARG,POL,38.979911
ARG,PRT,86.671905
ARG,SGP,30.647513
ARG,SWE,19.343344
ARG,THA,232.029168
ARG,TUR,35.565901
ARG,TWN,51.23702621
ARG,USA,1637.56105
AUS,ARG,30.021194
AUS,AUS,94108.97656
AUS,AUT,45.862844
AUS,BEL,292.416674
AUS,BRA,96.399253
AUS,CAN,529.728238
AUS,CHE,106.981395
AUS,CHL,52.998747
AUS,CHN,2267.058057
AUS,DEU,575.838344
AUS,DNK,45.804247
AUS,ESP,187.707631
AUS,FIN,20.02566
AUS,FRA,429.140196
AUS,GBR,1945.693777
AUS,GRC,38.045498
AUS,HUN,23.303247
AUS,IDN,1319.457826
AUS,IND,466.143237
AUS,IRL,149.841648
AUS,ITA,1039.40767
AUS,JPN,3372.548287
AUS,KOR,2344.949042
AUS,MEX,182.036986
AUS,MYS,1139.139837
AUS,NOR,67.102073
AUS,NZL,2818.948301
AUS,PHL,493.370109
AUS,POL,32.107115
AUS,PRT,16.049532
AUS,SGP,1465.097781
AUS,SWE,53.866762
AUS,THA,1138.50583
AUS,TUR,145.916583
AUS,TWN,1299.138306
AUS,USA,3798.945754
AUT,ARG,81.544607
AUT,AUS,257.116735
AUT,AUT,53080.21484
AUT,BEL,1208.987837
AUT,BRA,255.441731
AUT,CAN,518.368748
AUT,CHE,3448.846515
AUT,CHL,40.153318
AUT,CHN,731.83403
AUT,DEU,19441.50135
AUT,DNK,484.414629
AUT,ESP,1609.917739
AUT,FIN,343.291172
AUT,FRA,2619.064709
AUT,GBR,2730.530917
AUT,GRC,288.292457
AUT,HUN,2513.017032
AUT,IDN,117.791673
AUT,IND,106.867528
AUT,IRL,180.145816
AUT,ITA,5182.326003
AUT,JPN,887.986277
AUT,KOR,279.346274
AUT,MEX,217.923267
AUT,MYS,96.640615
AUT,NOR,281.879191
AUT,NZL,45.400847
AUT,PHL,74.378732
AUT,POL,961.938432
AUT,PRT,281.242667
AUT,SGP,309.043858
AUT,SWE,633.220151
AUT,THA,91.873957
AUT,TUR,419.968262
AUT,TWN,228.7844391
AUT,USA,3967.954112
BEL,ARG,212.250511
BEL,AUS,767.732742
BEL,AUT,1875.269355
BEL,BEL,195617.5313
BEL,BRA,815.042592
BEL,CAN,725.174693
BEL,CHE,2362.961636
BEL,CHL,114.422496
BEL,CHN,1680.152385
BEL,DEU,28883.29683
BEL,DNK,1358.958251
BEL,ESP,6765.048045
BEL,FIN,944.868731
BEL,FRA,28982.35929
BEL,GBR,17566.86524
BEL,GRC,1100.769814
BEL,HUN,808.537841
BEL,IDN,209.15379
BEL,IND,2683.92754
BEL,IRL,1362.970588
BEL,ITA,9572.488533
BEL,JPN,1761.429144
BEL,KOR,497.897019
BEL,MEX,604.417824
BEL,MYS,314.22646
BEL,NOR,580.627673
BEL,NZL,133.756834
BEL,PHL,107.638916
BEL,POL,1430.722433
BEL,PRT,1316.087437
BEL,SGP,587.846963
BEL,SWE,2428.39018
BEL,THA,552.826987
BEL,TUR,1127.731176
BEL,TWN,816.6878662
BEL,USA,9591.588449
BRA,ARG,4728.378454
BRA,AUS,260.810794
BRA,AUT,133.421849
BRA,BEL,1424.337085
BRA,BRA,260042.625
BRA,CAN,912.870246
BRA,CHE,417.257038
BRA,CHL,1288.385061
BRA,CHN,961.655877
BRA,DEU,2153.883211
BRA,DNK,132.273246
BRA,ESP,564.607469
BRA,FIN,75.223622
BRA,FRA,1807.544071
BRA,GBR,1428.282305
BRA,GRC,135.939574
BRA,HUN,219.014021
BRA,IDN,175.757905
BRA,IND,151.492548
BRA,IRL,323.728221
BRA,ITA,1389.803497
BRA,JPN,1340.068308
BRA,KOR,618.353349
BRA,MEX,1976.396625
BRA,MYS,140.623729
BRA,NOR,52.685924
BRA,NZL,27.615128
BRA,PHL,52.563626
BRA,POL,305.739346
BRA,PRT,291.079079
BRA,SGP,193.308578
BRA,SWE,197.468743
BRA,THA,246.875594
BRA,TUR,159.954072
BRA,TWN,411.6714172
BRA,USA,12991.6612
CAN,ARG,191.633987
CAN,AUS,770.464969
CAN,AUT,343.198237
CAN,BEL,1008.267396
CAN,BRA,807.61367
CAN,CAN,226505.3281
CAN,CHE,258.421195
CAN,CHL,341.161103
CAN,CHN,3166.862653
CAN,DEU,2416.27144
CAN,DNK,316.386827
CAN,ESP,502.598148
CAN,FIN,116.019699
CAN,FRA,1575.098475
CAN,GBR,4098.72563
CAN,GRC,142.835844
CAN,HUN,65.697301
CAN,IDN,276.601029
CAN,IND,332.350788
CAN,IRL,384.354503
CAN,ITA,1088.737446
CAN,JPN,4419.011893
CAN,KOR,1322.406432
CAN,MEX,3503.418601
CAN,MYS,210.095686
CAN,NOR,428.220318
CAN,NZL,159.84027
CAN,PHL,121.885691
CAN,POL,111.371827
CAN,PRT,66.276523
CAN,SGP,382.109529
CAN,SWE,248.830609
CAN,THA,272.763686
CAN,TUR,102.344761
CAN,TWN,748.2201538
CAN,USA,167089.0264
CHE,ARG,201.437014
CHE,AUS,666.100959
CHE,AUT,2634.453031
CHE,BEL,1568.914754
CHE,BRA,926.457281
CHE,CAN,880.178394
CHE,CHE,61327.21094
CHE,CHL,108.969129
CHE,CHN,1489.708232
CHE,DEU,17609.34127
CHE,DNK,647.426782
CHE,ESP,2570.355997
CHE,FIN,469.358259
CHE,FRA,7281.394551
CHE,GBR,3901.959263
CHE,GRC,538.579195
CHE,HUN,440.174956
CHE,IDN,172.672456
CHE,IND,3351.172834
CHE,IRL,385.78599
CHE,ITA,7642.127124
CHE,JPN,3226.745718
CHE,KOR,838.192198
CHE,MEX,771.11727
CHE,MYS,957.782402
CHE,NOR,421.726179
CHE,NZL,96.110168
CHE,PHL,150.986844
CHE,POL,717.189661
CHE,PRT,558.715962
CHE,SGP,1943.387034
CHE,SWE,947.831662
CHE,THA,832.541371
CHE,TUR,1221.963225
CHE,TWN,1108.881836
CHE,USA,8958.703389
CHL,ARG,496.806104
CHL,AUS,33.858648
CHL,AUT,26.075464
CHL,BEL,229.957289
CHL,BRA,602.637106
CHL,CAN,139.461918
CHL,CHE,163.337574
CHL,CHL,21895.98047
CHL,CHN,945.753721
CHL,DEU,352.804441
CHL,DNK,44.074438
CHL,ESP,222.227851
CHL,FIN,13.870957
CHL,FRA,683.726966
CHL,GBR,1158.194381
CHL,GRC,40.728029
CHL,HUN,0.656128
CHL,IDN,45.00353
CHL,IND,12.58228
CHL,IRL,26.73209
CHL,ITA,810.673485
CHL,JPN,774.613942
CHL,KOR,479.551076
CHL,MEX,797.042527
CHL,MYS,22.440171
CHL,NOR,48.095877
CHL,NZL,8.505263
CHL,PHL,6.850636
CHL,POL,3.294355
CHL,PRT,20.911411
CHL,SGP,25.806969
CHL,SWE,32.914421
CHL,THA,44.491339
CHL,TUR,75.454711
CHL,TWN,484.9324341
CHL,USA,2158.309649
CHN,ARG,1064.003574
CHN,AUS,5171.029038
CHN,AUT,1174.359275
CHN,BEL,3744.97672
CHN,BRA,1203.56548
CHN,CAN,8001.817858
CHN,CHE,1302.53769
CHN,CHL,1000.5984
CHN,CHN,1555681.125
CHN,DEU,17079.86511
CHN,DNK,1280.970528
CHN,ESP,4317.212705
CHN,FIN,966.990241
CHN,FRA,9424.981223
CHN,GBR,13703.66697
CHN,GRC,816.816197
CHN,HUN,1310.866086
CHN,IDN,2311.950631
CHN,IND,1537.655379
CHN,IRL,953.219528
CHN,ITA,6446.054815
CHN,JPN,51305.65058
CHN,KOR,10626.295
CHN,MEX,3827.425265
CHN,MYS,3335.675318
CHN,NOR,971.609423
CHN,NZL,892.05487
CHN,PHL,1365.122123
CHN,POL,1486.469913
CHN,PRT,298.905976
CHN,SGP,6518.952387
CHN,SWE,1034.913989
CHN,THA,3562.745459
CHN,TUR,851.040996
CHN,TWN,7425.489746
CHN,USA,106420.4655
DEU,ARG,1038.321551
DEU,AUS,3364.128232
DEU,AUT,26382.35716
DEU,BEL,27533.22913
DEU,BRA,4774.03683
DEU,CAN,5075.797334
DEU,CHE,24224.36186
DEU,CHL,667.302003
DEU,CHN,13647.51134
DEU,DEU,760112.875
DEU,DNK,8876.423976
DEU,ESP,23238.20255
DEU,FIN,5283.263788
DEU,FRA,57546.3475
DEU,GBR,43261.73575
DEU,GRC,4566.086459
DEU,HUN,7582.719008
DEU,IDN,1287.31837
DEU,IND,1952.952257
DEU,IRL,3292.063841
DEU,ITA,39494.52036
DEU,JPN,12061.80255
DEU,KOR,4470.213845
DEU,MEX,6013.878065
DEU,MYS,2656.393418
DEU,NOR,4192.653189
DEU,NZL,650.124354
DEU,PHL,881.039457
DEU,POL,12800.65914
DEU,PRT,5353.467879
DEU,SGP,3758.587747
DEU,SWE,10536.13789
DEU,THA,2479.724449
DEU,TUR,5318.5417
DEU,TWN,3897.47998
DEU,USA,56799.45979
DNK,ARG,68.221141
DNK,AUS,251.210221
DNK,AUT,374.503482
DNK,BEL,672.219465
DNK,BRA,183.454095
DNK,CAN,344.658755
DNK,CHE,618.466977
DNK,CHL,64.375208
DNK,CHN,584.832855
DNK,DEU,7130.092277
DNK,DNK,40678.19531
DNK,ESP,788.512259
DNK,FIN,931.890461
DNK,FRA,1651.138468
DNK,GBR,3014.965692
DNK,GRC,280.011588
DNK,HUN,173.428313
DNK,IDN,68.032604
DNK,IND,141.116768
DNK,IRL,630.476434
DNK,ITA,1008.29966
DNK,JPN,959.389229
DNK,KOR,286.52452
DNK,MEX,152.779576
DNK,MYS,92.429634
DNK,NOR,2424.605843
DNK,NZL,57.833949
DNK,PHL,49.910222
DNK,POL,772.572699
DNK,PRT,135.840654
DNK,SGP,174.347008
DNK,SWE,4383.656859
DNK,THA,196.19368
DNK,TUR,190.85881
DNK,TWN,129.071228
DNK,USA,2990.155953
ESP,ARG,697.376209
ESP,AUS,362.253778
ESP,AUT,931.712755
ESP,BEL,2944.958294
ESP,BRA,1141.818143
ESP,CAN,471.466512
ESP,CHE,1311.782736
ESP,CHL,466.130032
ESP,CHN,640.626844
ESP,DEU,11755.80895
ESP,DNK,662.779133
ESP,ESP,261831.1875
ESP,FIN,507.867096
ESP,FRA,19977.70323
ESP,GBR,9268.400772
ESP,GRC,1144.955671
ESP,HUN,597.419696
ESP,IDN,183.833643
ESP,IND,184.216193
ESP,IRL,676.330357
ESP,ITA,8742.482977
ESP,JPN,1039.971403
ESP,KOR,308.320997
ESP,MEX,1943.509073
ESP,MYS,153.762013
ESP,NOR,413.993513
ESP,NZL,66.849914
ESP,PHL,113.271108
ESP,POL,1044.116643
ESP,PRT,10064.65146
ESP,SGP,374.310454
ESP,SWE,1043.15803
ESP,THA,192.127811
ESP,TUR,1014.572044
ESP,TWN,263.3496094
ESP,USA,4723.25676
FIN,ARG,80.688781
FIN,AUS,376.754601
FIN,AUT,706.133269
FIN,BEL,1026.701317
FIN,BRA,405.016465
FIN,CAN,384.439704
FIN,CHE,682.055419
FIN,CHL,86.06059
FIN,CHN,2368.096083
FIN,DEU,5330.06199
FIN,DNK,1064.859584
FIN,ESP,1123.319339
FIN,FIN,62700.9375
FIN,FRA,2155.928829
FIN,GBR,3953.525801
FIN,GRC,310.325116
FIN,HUN,355.208455
FIN,IDN,91.501663
FIN,IND,206.732876
FIN,IRL,464.380103
FIN,ITA,1571.523182
FIN,JPN,851.399863
FIN,KOR,378.09957
FIN,MEX,246.618014
FIN,MYS,147.108617
FIN,NOR,1102.075824
FIN,NZL,80.047165
FIN,PHL,364.872028
FIN,POL,832.248486
FIN,PRT,240.704984
FIN,SGP,258.945213
FIN,SWE,3029.589706
FIN,THA,404.225149
FIN,TUR,301.55228
FIN,TWN,375.6368103
FIN,USA,3908.25559
FRA,ARG,719.635121
FRA,AUS,1327.926491
FRA,AUT,2756.131831
FRA,BEL,21497.3968
FRA,BRA,2361.909177
FRA,CAN,3439.572182
FRA,CHE,7783.722249
FRA,CHL,935.607048
FRA,CHN,3984.59491
FRA,DEU,38780.75157
FRA,DNK,2320.03382
FRA,ESP,25358.28808
FRA,FIN,1534.881898
FRA,FRA,571060.375
FRA,GBR,25550.8763
FRA,GRC,1927.126884
FRA,HUN,1525.748177
FRA,IDN,435.226233
FRA,IND,862.309723
FRA,IRL,2354.331468
FRA,ITA,22670.4635
FRA,JPN,5851.893475
FRA,KOR,2100.981102
FRA,MEX,1532.847518
FRA,MYS,1105.292944
FRA,NOR,1631.199588
FRA,NZL,254.319664
FRA,PHL,442.719458
FRA,POL,3303.70179
FRA,PRT,3630.756527
FRA,SGP,2065.490075
FRA,SWE,4152.084494
FRA,THA,901.773991
FRA,TUR,2182.438314
FRA,TWN,1583.373413
FRA,USA,28367.14436
GBR,ARG,406.546554
GBR,AUS,3223.163828
GBR,AUT,1681.31287
GBR,BEL,12552.02279
GBR,BRA,1209.989722
GBR,CAN,4549.871093
GBR,CHE,4991.176187
GBR,CHL,193.078003
GBR,CHN,3353.354695
GBR,DEU,28882.29025
GBR,DNK,3156.078169
GBR,ESP,10765.59274
GBR,FIN,1989.351496
GBR,FRA,22619.3177
GBR,GBR,487088.9063
GBR,GRC,1524.105252
GBR,HUN,976.956921
GBR,IDN,641.687863
GBR,IND,2719.162858
GBR,IRL,18326.10191
GBR,ITA,11139.63389
GBR,JPN,5682.132993
GBR,KOR,2328.334061
GBR,MEX,1316.211363
GBR,MYS,1747.7368
GBR,NOR,2367.50673
GBR,NZL,502.476142
GBR,PHL,550.726192
GBR,POL,2018.191418
GBR,PRT,1852.8568
GBR,SGP,2348.214132
GBR,SWE,4909.909433
GBR,THA,948.367687
GBR,TUR,1831.329397
GBR,TWN,1547.72522
GBR,USA,36138.4879
GRC,ARG,8.534704
GRC,AUS,44.287562
GRC,AUT,102.045046
GRC,BEL,278.771318
GRC,BRA,21.054471
GRC,CAN,66.700074
GRC,CHE,102.687107
GRC,CHL,6.841383
GRC,CHN,37.395502
GRC,DEU,1124.476373
GRC,DNK,86.7274
GRC,ESP,237.525426
GRC,FIN,65.815639
GRC,FRA,340.736457
GRC,GBR,732.170723
GRC,GRC,41648.44141
GRC,HUN,42.07483
GRC,IDN,22.247347
GRC,IND,46.187225
GRC,IRL,39.591927
GRC,ITA,742.246817
GRC,JPN,65.779866
GRC,KOR,34.709659
GRC,MEX,22.494904
GRC,MYS,9.67901
GRC,NOR,45.202109
GRC,NZL,4.808512
GRC,PHL,3.35959
GRC,POL,80.875473
GRC,PRT,60.717763
GRC,SGP,16.977596
GRC,SWE,93.18012
GRC,THA,19.12747
GRC,TUR,232.267889
GRC,TWN,20.51563644
GRC,USA,459.393142
HUN,ARG,22.510143
HUN,AUS,50.613811
HUN,AUT,1976.059301
HUN,BEL,1397.144516
HUN,BRA,99.340698
HUN,CAN,106.868201
HUN,CHE,350.976683
HUN,CHL,8.760813
HUN,CHN,160.676296
HUN,DEU,10285.88014
HUN,DNK,162.654009
HUN,ESP,670.463824
HUN,FIN,175.373334
HUN,FRA,1720.384693
HUN,GBR,1299.618593
HUN,GRC,105.833394
HUN,HUN,26760.90234
HUN,IDN,8.710592
HUN,IND,27.67223
HUN,IRL,370.004668
HUN,ITA,1617.870362
HUN,JPN,312.221911
HUN,KOR,75.890622
HUN,MEX,107.435131
HUN,MYS,56.864568
HUN,NOR,105.276598
HUN,NZL,8.416429
HUN,PHL,56.032927
HUN,POL,739.334
HUN,PRT,194.237704
HUN,SGP,165.066689
HUN,SWE,286.280887
HUN,THA,22.181953
HUN,TUR,187.256551
HUN,TWN,78.17729187
HUN,USA,2964.516526
IDN,ARG,94.319338
IDN,AUS,976.194514
IDN,AUT,146.135872
IDN,BEL,813.934936
IDN,BRA,183.074109
IDN,CAN,524.742882
IDN,CHE,129.784963
IDN,CHL,56.522586
IDN,CHN,2901.34933
IDN,DEU,1828.394681
IDN,DNK,148.045943
IDN,ESP,825.214331
IDN,FIN,80.949528
IDN,FRA,1072.924972
IDN,GBR,1728.773901
IDN,GRC,106.2706
IDN,HUN,114.53129
IDN,IDN,92651.46094
IDN,IND,394.774223
IDN,IRL,102.298125
IDN,ITA,739.090306
IDN,JPN,5894.775234
IDN,KOR,1327.685425
IDN,MEX,421.08596
IDN,MYS,1861.722966
IDN,NOR,88.238367
IDN,NZL,140.432361
IDN,PHL,542.734174
IDN,POL,148.567907
IDN,PRT,89.262849
IDN,SGP,4124.432194
IDN,SWE,76.790647
IDN,THA,1019.277463
IDN,TUR,135.262272
IDN,TWN,1153.953979
IDN,USA,9433.358936
IND,ARG,140.729531
IND,AUS,351.575961
IND,AUT,177.10812
IND,BEL,1438.058797
IND,BRA,281.779816
IND,CAN,672.266026
IND,CHE,401.945789
IND,CHL,75.692894
IND,CHN,904.664963
IND,DEU,2089.936657
IND,DNK,189.864592
IND,ESP,725.188747
IND,FIN,87.663395
IND,FRA,1178.79864
IND,GBR,2348.852524
IND,GRC,94.720406
IND,HUN,65.316248
IND,IDN,416.232011
IND,IND,263162.4688
IND,IRL,132.924172
IND,ITA,1317.499999
IND,JPN,1098.601126
IND,KOR,699.008638
IND,MEX,363.324437
IND,MYS,573.587814
IND,NOR,86.510616
IND,NZL,73.617759
IND,PHL,159.271306
IND,POL,135.93052
IND,PRT,146.483248
IND,SGP,978.881057
IND,SWE,200.065081
IND,THA,582.291155
IND,TUR,345.600683
IND,TWN,382.7085571
IND,USA,9064.033826
IRL,ARG,81.293794
IRL,AUS,714.424997
IRL,AUT,744.657294
IRL,BEL,4933.910548
IRL,BRA,249.399579
IRL,CAN,930.870485
IRL,CHE,3143.058364
IRL,CHL,43.396866
IRL,CHN,613.681651
IRL,DEU,13385.56259
IRL,DNK,509.706346
IRL,ESP,2027.745625
IRL,FIN,273.757687
IRL,FRA,4892.430577
IRL,GBR,17414.10527
IRL,GRC,277.119842
IRL,HUN,187.741298
IRL,IDN,75.171632
IRL,IND,85.734156
IRL,IRL,26975.79297
IRL,ITA,3097.587161
IRL,JPN,3529.371201
IRL,KOR,746.078681
IRL,MEX,584.192831
IRL,MYS,1026.421127
IRL,NOR,432.59014
IRL,NZL,65.285573
IRL,PHL,691.712048
IRL,POL,275.408204
IRL,PRT,231.771887
IRL,SGP,529.69223
IRL,SWE,1107.869658
IRL,THA,167.786153
IRL,TUR,376.026148
IRL,TWN,314.9718933
IRL,USA,17904.06867
ITA,ARG,808.699072
ITA,AUS,1724.545695
ITA,AUT,4737.660989
ITA,BEL,7452.662661
ITA,BRA,2265.83295
ITA,CAN,2501.572604
ITA,CHE,8132.732291
ITA,CHL,433.775178
ITA,CHN,3739.597438
ITA,DEU,33459.62492
ITA,DNK,1829.09494
ITA,ESP,13488.72027
ITA,FIN,1136.288385
ITA,FRA,28155.09487
ITA,GBR,15607.72059
ITA,GRC,4356.126347
ITA,HUN,2610.784264
ITA,IDN,447.538012
ITA,IND,854.325865
ITA,IRL,1394.968681
ITA,ITA,674367.8125
ITA,JPN,5209.087627
ITA,KOR,1801.310968
ITA,MEX,2069.546316
ITA,MYS,988.07649
ITA,NOR,1043.757999
ITA,NZL,300.736479
ITA,PHL,227.55536
ITA,POL,3989.659326
ITA,PRT,3138.562319
ITA,SGP,1464.64246
ITA,SWE,2143.431148
ITA,THA,649.468165
ITA,TUR,3443.303235
ITA,TWN,1005.759155
ITA,USA,23572.94945
JPN,ARG,765.709828
JPN,AUS,7449.135517
JPN,AUT,1573.438702
JPN,BEL,5083.254596
JPN,BRA,3021.987085
JPN,CAN,9409.869274
JPN,CHE,2011.419047
JPN,CHL,545.793851
JPN,CHN,42082.22408
JPN,DEU,20209.53649
JPN,DNK,612.53168
JPN,ESP,3871.30319
JPN,FIN,1377.706323
JPN,FRA,9820.313745
JPN,GBR,13246.08973
JPN,GRC,867.706304
JPN,HUN,1541.457123
JPN,IDN,6201.070444
JPN,IND,1794.052471
JPN,IRL,1659.821823
JPN,ITA,5589.894074
JPN,JPN,2147216.75
JPN,KOR,25620.85292
JPN,MEX,7830.840415
JPN,MYS,13828.80121
JPN,NOR,1223.416756
JPN,NZL,1451.468635
JPN,PHL,7693.820139
JPN,POL,958.484494
JPN,PRT,728.737162
JPN,SGP,15839.16805
JPN,SWE,1426.863406
JPN,THA,13577.67563
JPN,TUR,1312.99089
JPN,TWN,32320.22852
JPN,USA,124948.6546
KOR,ARG,409.337094
KOR,AUS,2260.824304
KOR,AUT,339.924044
KOR,BEL,767.477625
KOR,BRA,1528.503397
KOR,CAN,2889.798751
KOR,CHE,436.238852
KOR,CHL,523.865626
KOR,CHN,21232.76774
KOR,DEU,4323.712577
KOR,DNK,313.299997
KOR,ESP,1802.149272
KOR,FIN,531.36938
KOR,FRA,1989.647394
KOR,GBR,3985.662466
KOR,GRC,1223.147921
KOR,HUN,413.011825
KOR,IDN,2908.643884
KOR,IND,1368.577914
KOR,IRL,709.69869
KOR,ITA,2097.785154
KOR,JPN,12784.35989
KOR,KOR,417036.125
KOR,MEX,3468.567614
KOR,MYS,2884.064707
KOR,NOR,452.052359
KOR,NZL,280.212391
KOR,PHL,2330.005696
KOR,POL,511.47369
KOR,PRT,262.133227
KOR,SGP,3775.399742
KOR,SWE,396.28256
KOR,THA,2074.466713
KOR,TUR,768.972147
KOR,TWN,7052.674316
KOR,USA,34887.14134
MEX,ARG,437.818561
MEX,AUS,313.392654
MEX,AUT,135.016287
MEX,BEL,625.191045
MEX,BRA,703.951869
MEX,CAN,7338.968104
MEX,CHE,114.360318
MEX,CHL,530.467824
MEX,CHN,721.742338
MEX,DEU,1493.793473
MEX,DNK,37.025132
MEX,ESP,292.74797
MEX,FIN,32.543947
MEX,FRA,498.468515
MEX,GBR,1036.894163
MEX,GRC,12.320641
MEX,HUN,121.898236
MEX,IDN,32.003159
MEX,IND,52.215275
MEX,IRL,223.130567
MEX,ITA,236.180106
MEX,JPN,1236.016585
MEX,KOR,242.975379
MEX,MEX,244087.9688
MEX,MYS,152.687436
MEX,NOR,39.87057
MEX,NZL,70.944763
MEX,PHL,30.235089
MEX,POL,79.441593
MEX,PRT,20.877036
MEX,SGP,355.926378
MEX,SWE,34.297442
MEX,THA,122.81784
MEX,TUR,30.465312
MEX,TWN,278.1121826
MEX,USA,122682.3068
MYS,ARG,134.69071
MYS,AUS,1538.575516
MYS,AUT,508.860455
MYS,BEL,633.144785
MYS,BRA,319.563597
MYS,CAN,1185.574554
MYS,CHE,129.642217
MYS,CHL,53.669332
MYS,CHN,5250.200322
MYS,DEU,3009.741572
MYS,DNK,117.495478
MYS,ESP,465.769913
MYS,FIN,222.908187
MYS,FRA,1688.746084
MYS,GBR,2897.375653
MYS,GRC,83.648498
MYS,HUN,468.236119
MYS,IDN,1200.210513
MYS,IND,718.951799
MYS,IRL,527.058466
MYS,ITA,485.037976
MYS,JPN,8957.702504
MYS,KOR,2756.846263
MYS,MEX,1992.35002
MYS,MYS,55165.22656
MYS,NOR,131.207589
MYS,NZL,241.738075
MYS,PHL,1110.038344
MYS,POL,243.289436
MYS,PRT,47.810805
MYS,SGP,18569.98416
MYS,SWE,171.196384
MYS,THA,2527.680305
MYS,TUR,318.173266
MYS,TWN,2458.694824
MYS,USA,21968.23494
NOR,ARG,20.666594
NOR,AUS,100.446674
NOR,AUT,74.257788
NOR,BEL,425.870653
NOR,BRA,83.379268
NOR,CAN,117.043326
NOR,CHE,184.558851
NOR,CHL,44.981243
NOR,CHN,255.370437
NOR,DEU,2143.88119
NOR,DNK,943.076838
NOR,ESP,379.679136
NOR,FIN,461.071709
NOR,FRA,693.339836
NOR,GBR,1990.567217
NOR,GRC,190.712317
NOR,HUN,43.047335
NOR,IDN,29.627559
NOR,IND,52.094751
NOR,IRL,265.048416
NOR,ITA,471.466407
NOR,JPN,546.575868
NOR,KOR,282.95916
NOR,MEX,56.83239
NOR,MYS,58.042936
NOR,NOR,41163.51563
NOR,NZL,35.2348
NOR,PHL,28.060345
NOR,POL,284.395942
NOR,PRT,496.967403
NOR,SGP,221.919905
NOR,SWE,3095.112306
NOR,THA,77.152752
NOR,TUR,86.987977
NOR,TWN,105.1257324
NOR,USA,1589.668058
NZL,ARG,19.629678
NZL,AUS,2057.170924
NZL,AUT,4.209618
NZL,BEL,44.384476
NZL,BRA,32.166018
NZL,CAN,134.024392
NZL,CHE,9.451628
NZL,CHL,15.983575
NZL,CHN,598.717056
NZL,DEU,152.218069
NZL,DNK,22.260435
NZL,ESP,21.051911
NZL,FIN,7.546599
NZL,FRA,35.915071
NZL,GBR,281.835774
NZL,GRC,7.446231
NZL,HUN,3.343994
NZL,IDN,213.518711
NZL,IND,71.729125
NZL,IRL,16.73946
NZL,ITA,214.133335
NZL,JPN,1340.018537
NZL,KOR,640.655164
NZL,MEX,159.713237
NZL,MYS,261.383125
NZL,NOR,5.99925
NZL,NZL,13471.13281
NZL,PHL,198.714458
NZL,POL,4.697791
NZL,PRT,8.70221
NZL,SGP,131.679633
NZL,SWE,10.705697
NZL,THA,185.325205
NZL,TUR,16.399751
NZL,TWN,220.2461548
NZL,USA,1269.215984
PHL,ARG,26.745795
PHL,AUS,244.38778
PHL,AUT,64.824564
PHL,BEL,203.247613
PHL,BRA,120.242206
PHL,CAN,609.894412
PHL,CHE,62.383704
PHL,CHL,21.879117
PHL,CHN,1784.349522
PHL,DEU,1758.343858
PHL,DNK,25.616778
PHL,ESP,110.924091
PHL,FIN,55.981466
PHL,FRA,390.904242
PHL,GBR,1830.237651
PHL,GRC,10.349579
PHL,HUN,188.464816
PHL,IDN,122.826746
PHL,IND,78.027851
PHL,IRL,290.984104
PHL,ITA,144.386496
PHL,JPN,5348.390845
PHL,KOR,1654.970243
PHL,MEX,812.383783
PHL,MYS,1783.473923
PHL,NOR,33.274962
PHL,NZL,29.731885
PHL,PHL,40148.78516
PHL,POL,60.987461
PHL,PRT,18.11293
PHL,SGP,2490.526436
PHL,SWE,29.96938
PHL,THA,1351.888813
PHL,TUR,35.45485
PHL,TWN,1869.236084
PHL,USA,11161.85679
POL,ARG,28.285745
POL,AUS,25.796563
POL,AUT,613.573668
POL,BEL,1037.094077
POL,BRA,107.611579
POL,CAN,192.305426
POL,CHE,266.622971
POL,CHL,10.851446
POL,CHN,192.586104
POL,DEU,11423.45096
POL,DNK,751.49217
POL,ESP,673.988051
POL,FIN,217.15616
POL,FRA,1830.901484
POL,GBR,1588.278504
POL,GRC,121.225903
POL,HUN,665.188
POL,IDN,8.586356
POL,IND,74.227244
POL,IRL,85.277862
POL,ITA,1834.811097
POL,JPN,68.526369
POL,KOR,42.409074
POL,MEX,165.409638
POL,MYS,39.664709
POL,NOR,373.928708
POL,NZL,4.374633
POL,PHL,4.745509
POL,POL,102682.8906
POL,PRT,270.605722
POL,SGP,58.937073
POL,SWE,909.474839
POL,THA,71.939166
POL,TUR,163.521338
POL,TWN,52.31573105
POL,USA,928.681473
PRT,ARG,50.969699
PRT,AUS,90.397366
PRT,AUT,337.720357
PRT,BEL,1752.976598
PRT,BRA,134.804812
PRT,CAN,156.578756
PRT,CHE,309.530748
PRT,CHL,54.6191
PRT,CHN,68.046442
PRT,DEU,4533.988338
PRT,DNK,307.112175
PRT,ESP,4286.004319
PRT,FIN,126.661094
PRT,FRA,2981.923822
PRT,GBR,2465.336512
PRT,GRC,93.324483
PRT,HUN,113.83124
PRT,IDN,2.939208
PRT,IND,14.683433
PRT,IRL,137.924353
PRT,ITA,1034.87195
PRT,JPN,128.675355
PRT,KOR,20.680118
PRT,MEX,86.294913
PRT,MYS,18.236001
PRT,NOR,287.006515
PRT,NZL,15.8802
PRT,PHL,13.900933
PRT,POL,158.273516
PRT,PRT,55578.78906
PRT,SGP,82.884531
PRT,SWE,369.950098
PRT,THA,20.190538
PRT,TUR,62.370889
PRT,TWN,30.83194923
PRT,USA,1423.924326
SGP,ARG,91.877734
SGP,AUS,2443.197061
SGP,AUT,128.464387
SGP,BEL,656.441399
SGP,BRA,313.116812
SGP,CAN,738.678432
SGP,CHE,601.369642
SGP,CHL,34.881072
SGP,CHN,4777.301952
SGP,DEU,4112.526617
SGP,DNK,107.523727
SGP,ESP,378.122312
SGP,FIN,346.053496
SGP,FRA,1834.356286
SGP,GBR,2686.006128
SGP,GRC,42.475384
SGP,HUN,531.291847
SGP,IDN,2017.111765
SGP,IND,2448.380466
SGP,IRL,1217.913308
SGP,ITA,380.413118
SGP,JPN,8501.18914
SGP,KOR,4377.986743
SGP,MEX,1113.565912
SGP,MYS,18837.31826
SGP,NOR,204.565783
SGP,NZL,316.315119
SGP,PHL,2836.188853
SGP,POL,193.239941
SGP,PRT,25.985159
SGP,SGP,22434.36133
SGP,SWE,109.309283
SGP,THA,4989.245747
SGP,TUR,108.273017
SGP,TWN,2876.069824
SGP,USA,18166.0627
SWE,ARG,172.798266
SWE,AUS,772.385239
SWE,AUT,922.723934
SWE,BEL,3985.570522
SWE,BRA,806.190111
SWE,CAN,1081.235429
SWE,CHE,957.046033
SWE,CHL,179.395291
SWE,CHN,2160.57257
SWE,DEU,7024.122643
SWE,DNK,4647.483063
SWE,ESP,1855.177819
SWE,FIN,3534.965745
SWE,FRA,3784.679248
SWE,GBR,5752.01131
SWE,GRC,401.486257
SWE,HUN,317.032282
SWE,IDN,298.880927
SWE,IND,348.000687
SWE,IRL,427.258682
SWE,ITA,3026.804236
SWE,JPN,2146.06089
SWE,KOR,485.311866
SWE,MEX,800.420841
SWE,MYS,526.866458
SWE,NOR,5830.871562
SWE,NZL,146.728964
SWE,PHL,122.732292
SWE,POL,1187.47321
SWE,PRT,405.276591
SWE,SGP,503.843046
SWE,SWE,81997.95313
SWE,THA,338.999958
SWE,TUR,521.367263
SWE,TWN,472.8626099
SWE,USA,8509.002017
THA,ARG,126.398143
THA,AUS,1184.829259
THA,AUT,182.106787
THA,BEL,1386.463397
THA,BRA,186.854496
THA,CAN,917.665807
THA,CHE,327.77041
THA,CHL,87.705715
THA,CHN,3635.771157
THA,DEU,1978.413795
THA,DNK,156.997905
THA,ESP,682.617243
THA,FIN,115.837929
THA,FRA,1453.29808
THA,GBR,2219.550007
THA,GRC,159.954263
THA,HUN,266.940659
THA,IDN,1091.990927
THA,IND,441.196149
THA,IRL,297.570366
THA,ITA,658.266168
THA,JPN,8113.897202
THA,KOR,1244.676189
THA,MEX,598.505553
THA,MYS,2330.280002
THA,NOR,98.275138
THA,NZL,194.804857
THA,PHL,1066.283963
THA,POL,169.548866
THA,PRT,105.506202
THA,SGP,4010.662471
THA,SWE,226.489043
THA,THA,65879.24219
THA,TUR,129.951627
THA,TWN,1477.823242
THA,USA,13961.64832
TUR,ARG,24.898827
TUR,AUS,61.386737
TUR,AUT,391.752235
TUR,BEL,823.728115
TUR,BRA,76.734668
TUR,CAN,171.80392
TUR,CHE,209.21161
TUR,CHL,21.680495
TUR,CHN,175.315656
TUR,DEU,5341.79313
TUR,DNK,256.60251
TUR,ESP,901.09555
TUR,FIN,82.209973
TUR,FRA,2096.325495
TUR,GBR,2404.507895
TUR,GRC,421.336232
TUR,HUN,209.17346
TUR,IDN,32.190569
TUR,IND,56.062751
TUR,IRL,146.718442
TUR,ITA,2243.974752
TUR,JPN,114.820968
TUR,KOR,53.466419
TUR,MEX,80.844831
TUR,MYS,40.040681
TUR,NOR,99.282678
TUR,NZL,11.109224
TUR,PHL,15.217622
TUR,POL,361.895687
TUR,PRT,274.801452
TUR,SGP,96.066187
TUR,SWE,200.78242
TUR,THA,44.046781
TUR,TUR,115150.6172
TUR,TWN,110.6986237
TUR,USA,3250.688838
TWN,ARG,230.2657928
TWN,AUS,1704.141724
TWN,AUT,614.6036377
TWN,BEL,1712.323853
TWN,BRA,683.0994263
TWN,CAN,1906.96167
TWN,CHE,463.0369568
TWN,CHL,229.6565552
TWN,CHN,37356.64063
TWN,DEU,6663.946777
TWN,DNK,567.0142822
TWN,ESP,966.9829102
TWN,FIN,443.6343689
TWN,FRA,2043.217529
TWN,GBR,4417.92334
TWN,GRC,177.74617
TWN,HUN,490.2073669
TWN,IDN,1276.181274
TWN,IND,705.9918213
TWN,IRL,859.7871094
TWN,ITA,1825.804688
TWN,JPN,13635.05176
TWN,KOR,5666.626465
TWN,MEX,1924.809937
TWN,MYS,4171.36084
TWN,NOR,282.4356384
TWN,NZL,341.9776611
TWN,PHL,3701.539551
TWN,POL,342.5895386
TWN,PRT,167.8090973
TWN,SGP,6783.946289
TWN,SWE,454.4889221
TWN,THA,3503.030029
TWN,TUR,560.2269287
TWN,TWN,154491.5469
TWN,USA,32118.44727
USA,ARG,3691.264541
USA,AUS,10030.5788
USA,AUT,3726.010964
USA,BEL,12400.9785
USA,BRA,15034.1817
USA,CAN,147263.3713
USA,CHE,9442.566658
USA,CHL,2880.697452
USA,CHN,23788.65726
USA,DEU,38569.39293
USA,DNK,1589.056265
USA,ESP,5798.972129
USA,FIN,2026.109541
USA,FRA,25453.81454
USA,GBR,41594.18531
USA,GRC,1036.772061
USA,HUN,1378.309413
USA,IDN,2678.582708
USA,IND,3451.77683
USA,IRL,7524.917768
USA,ITA,10423.5645
USA,JPN,51133.3519
USA,KOR,21605.33647
USA,MEX,103844.3074
USA,MYS,11425.34898
USA,NOR,2186.737649
USA,NZL,2041.423253
USA,PHL,7029.279145
USA,POL,1593.747461
USA,PRT,1256.390532
USA,SGP,18189.8371
USA,SWE,3183.511231
USA,THA,6710.870007
USA,TUR,2813.718743
USA,TWN,18974.15234
USA,USA,4403665.5
